OBJECTID *,Shape *,ASSETGROUP,ASSETTYPE,ASSETNUM,CLASSIFICATION_TRAFO,DESCRIPTION GARDU,INSTALLDATE,LOCATION_GARDU,STATUS,TUJDNUMBER_TRAFO,FASA_TRAFO,JENIS_TRAFO,KAPASITAS_BARU,NO_TRAFO,PERUNTUKAN,POSISI_FASA,TEGANGAN_TRAFO,TH_BUAT,PRIORITAS,globalid *,LATITUDE,LONGITUDE,AssetNum_Trafo,GARDU_INDUK,Keterangan,PENYULANG,LOCATION_TIANG,ID_SECTION,SECTION_NAME,GARDU_UID,ASSETGROUP,ASSETTYPE,LOCATION,SSOTNUMBER_GARDU,NAMA_GARDU,KODE_GARDU,TUJDNUMBER_GARDU,TYPE_GARDU,ASSETNUM,SSOTNUMBER_TRAFO,NAMA_TRAFO,KAPASITAS_MAXIMO,BEBAN_SINCAL,JENIS_PELAYANAN,DESCRIPTION_TRAFO,KODE_PERALATAN,OWNER_PEMELIHARAAN,STATUS_KEPEMILIKAN,STATUS_RC,CXPENYULANG,SADDRESSCODE,LOCATION TYPE,STREETADDRESS,FORMATTEDADDRESS,CITY,KODE_PENYULANG
2218,Point,7211,23230,92017619,Trafo,GD JNJ0343,12/30/1899,GD01.62264788,OPERATING,72TF0134093644,3 FASA,Outdoor,25,25,UMUM,RST,20 kV/B2,2022,,{F4BED6E6-59BF-4E5A-87AA-3D2F26976F86},"-1,854353","116,14356",92017619,GI GROGOT,,GRT.01,TG01.04703002,210103,SECTION-LBS-LBS MAN IC,2814,7211,23230,GD01.62264788,23230GD010000020194,GD JNJ0343,JNJ0343,72GD0162264788,Gardu Portal,92017619,23230TF010000020535,TRAFO GD JNJ0343,25,"0,02",Umum,TRAFO GD JNJ0343,12345678,,PLN,TIDAK ADA,3714429,SA72873709,Bangunan Sipil Gardu,UNNAMED ROAD,TANAH GROGOT,UNNAMED ROAD,3714429
2344,Point,7211,23230,3742726,Trafo,GD SPL0102,12/30/1899,GD01.04669871,OPERATING,72TF0103742726,3 FASA,3,50,25,UMUM,RST,20 kV/B2,2017,3,{D7C94FB8-9E98-4F03-BD19-00644F33A8C7},"-1,864624","116,152259",3742726,GI GROGOT,,GRT.01,TG01.04703399,210103,SECTION-LBS-LBS MAN IC,2940,7211,23230,GD01.04669871,23230GD010000012276,GD SPL0102,SPL0102,72GD0104669871,Gardu Portal,3742726,23230TF010000002730,TRAFO GD SPL0102,25,"0,02",Umum,TRAFO GD SPL0102,12345678,,PLN,TIDAK ADA,3714429,SA6564743,Bangunan Sipil Gardu,TANAH GROGOT,TANAH GROGOT,PASER,3714429
2345,Point,7211,23230,3742727,Trafo,GD SPL0286,12/30/1899,GD01.04669872,OPERATING,72TF0103742727,3 FASA,2,50,50,UMUM,RST,20 kV/B2,2017,3,{D9D0F395-45D0-485E-9C73-8CFFEBBADCB1},"-1,866297","116,152029",3742727,GI GROGOT,,GRT.01,TG01.04703403,210103,SECTION-LBS-LBS MAN IC,2941,7211,23230,GD01.04669872,23230GD010000012275,GD SPL0286,SPL0286,72GD0104669872,Gardu Portal,3742727,23230TF010000002731,TRAFO GD SPL0286,50,"0,04",Umum,TRAFO GD SPL0286,12345678,,PLN,TIDAK ADA,3714429,SA6564744,Bangunan Sipil Gardu,TANAH GROGOT,TANAH GROGOT,PASER,3714429
2347,Point,7211,23230,3742725,Trafo,GD SPL0022,12/30/1899,GD01.04669870,OPERATING,72TF0103742725,3 FASA,2,100,100,UMUM,RST,20 kV/B2,2017,3,{4D4E55C5-A9FA-4E17-9327-7D1AC5D4448F},"-1,854695","116,15446",3742725,GI GROGOT,,GRT.01,TG01.04703379,210103,SECTION-LBS-LBS MAN IC,2943,7211,23230,GD01.04669870,23230GD010000012277,GD SPL0022,SPL0022,72GD0104669870,Gardu Cantol,3742725,23230TF010000002729,TRAFO GD SPL0022,100,"0,08",Umum,TRAFO GD SPL0022,12345678,,PLN,TIDAK ADA,3714429,SA6564742,Bangunan Sipil Gardu,TANAH GROGOT,TANAH GROGOT,PASER,3714429
2459,Point,7211,23230,3742719,Trafo,GD KDR0254,12/30/1899,GD01.04669864,OPERATING,72TF0103742719,3 FASA,2,100,100,UMUM,RST,20 kV/B2,2017,3,{5F6B10BD-BE86-4555-9F88-74C6E1AB34C6},"-1,888498","116,159928",3742719,GI GROGOT,,GRT.01,TG01.04703218,210101,SECTION-PMT-GRT.01,3055,7211,23230,GD01.04669864,23230GD010000012282,GD KDR0254,KDR0254,72GD0104669864,Gardu Portal,3742719,23230TF010000002723,TRAFO GD KDR0254,100,"0,08",Umum,TRAFO GD KDR0254,12345678,,PLN,TIDAK ADA,3714429,SA6564736,Bangunan Sipil Gardu,TANAH GROGOT,TANAH GROGOT,PASER,3714429
2461,Point,7211,23230,3742723,Trafo,GD JNJ0271,12/30/1899,GD01.04669868,OPERATING,72TF0103742723,3 FASA,3,100,160,UMUM,RST,20 kV/B2,2017,3,{847419CF-F8E0-4F83-BD6A-D41F82D0AEF5},"-1,853109","116,173346",3742723,GI GROGOT,,GRT.01,TG01.04703251,210102,SECTION-REC-JANJU,3057,7211,23230,GD01.04669868,23230GD010000012278,GD JNJ0271,JNJ0271,72GD0104669868,Gardu Portal,3742723,23230TF010000002727,TRAFO GD JNJ0271,160,"0,128",Umum,TRAFO GD JNJ0271,12345678,,PLN,TIDAK ADA,3714429,SA6564740,Bangunan Sipil Gardu,TANAH GROGOT,TANAH GROGOT,PASER,3714429
2462,Point,7211,23230,3742720,Trafo,GD TJL0281,12/30/1899,GD01.04669865,OPERATING,72TF0103742720,3 FASA,2,100,100,UMUM,RST,20 kV/B2,2017,3,{E2E004D7-7ADC-4F7F-B360-CAED39E3AA5D},"-1,883856","116,167112",3742720,GI GROGOT,,GRT.01,TG01.04703227,210101,SECTION-PMT-GRT.01,3058,7211,23230,GD01.04669865,23230GD010000012281,GD TJL0281,TJL0281,72GD0104669865,Gardu Portal,3742720,23230TF010000002724,TRAFO GD TJL0281,100,"0,08",Umum,TRAFO GD TJL0281,12345678,,PLN,TIDAK ADA,3714429,SA6564737,Bangunan Sipil Gardu,TANAH GROGOT,TANAH GROGOT,PASER,3714429
2464,Point,7211,23230,3742722,Trafo,GD JNJ0232,12/30/1899,GD01.04669867,OPERATING,72TF0103742722,3 FASA,2,50,50,UMUM,RST,20 kV/B2,2017,3,{A30745C3-3BC9-4427-A7E3-00CE364E33F4},"-1,85953","116,174175",3742722,GI GROGOT,,GRT.01,TG01.04703243,210102,SECTION-REC-JANJU,3060,7211,23230,GD01.04669867,23230GD010000012279,GD JNJ0232,JNJ0232,72GD0104669867,Gardu Portal,3742722,23230TF010000002726,TRAFO GD JNJ0232,50,"0,04",Umum,TRAFO GD JNJ0232,12345678,,PLN,TIDAK ADA,3714429,SA6564739,Bangunan Sipil Gardu,TANAH GROGOT,TANAH GROGOT,PASER,3714429
2470,Point,7211,23230,3742721,Trafo,GD PKT0239,12/30/1899,GD01.04669866,OPERATING,72TF0103742721,3 FASA,2,4000,4000,PELANGGAN KHUSUS,RST,20 kV/B2,2017,3,{304723F6-8E6E-4F09-8CAB-B95316729417},"-1,86953","116,180006",3742721,GI GROGOT,,GRT.01,TG01.04703242,210101,SECTION-PMT-GRT.01,3066,7211,23230,GD01.04669866,23230GD010000012280,GD PKT0239,PKT0239,72GD0104669866,Gardu Beton,3742721,23230TF010000002725,TRAFO GD PKT0239,4000,"3,2",Khusus,TRAFO GD PKT0239,12345678,,NON PLN,TIDAK ADA,3714429,SA6564738,Bangunan Sipil Gardu,TANAH GROGOT,TANAH GROGOT,PASER,3714429
2480,Point,7211,23230,3742713,Trafo,GD LLO0029,12/30/1899,GD01.04669858,OPERATING,72TF0103742713,3 FASA,3,50,50,UMUM,RST,20 kV/B2,2017,3,{E9DF6363-0042-4178-89BA-CEB5F674C328},"-1,881568","116,123898",3742713,GI GROGOT,,GRT.01,TG01.04703077,210103,SECTION-LBS-LBS MAN IC,3076,7211,23230,GD01.04669858,23230GD010000012286,GD LLO0029,LLO0029,72GD0104669858,Gardu Cantol,3742713,23230TF010000002717,TRAFO GD LLO0029,50,"0,04",Umum,TRAFO GD LLO0029,12345678,,PLN,TIDAK ADA,3714429,SA6564730,Bangunan Sipil Gardu,TANAH GROGOT,TANAH GROGOT,PASER,3714429
2484,Point,7211,23230,3742718,Trafo,GD TBT0211,12/30/1899,GD01.04669863,OPERATING,72TF0103742718,3 FASA,3,100,100,UMUM,RST,20 kV/B2,2017,3,{157820AE-6B36-4155-909F-78954FA2C43B},"-1,880974","116,170873",3742718,GI GROGOT,,GRT.01,TG01.04703174,210101,SECTION-PMT-GRT.01,3080,7211,23230,GD01.04669863,23230GD010000012283,GD TBT0211,TBT0211,72GD0104669863,Gardu Portal,3742718,23230TF010000002722,TRAFO GD TBT0211,100,"0,08",Umum,TRAFO GD TBT0211,12345678,,PLN,TIDAK ADA,3714429,SA6564735,Bangunan Sipil Gardu,TANAH GROGOT,TANAH GROGOT,PASER,3714429
2486,Point,7211,23230,3742712,Trafo,GD LLO0263,12/30/1899,GD01.04669857,OPERATING,72TF0103742712,3 FASA,2,160,160,UMUM,RST,20 kV/B2,2017,3,{B245FD90-A20E-4FDC-BB94-51AB5FD9AEE0},"-1,878915","116,127139",3742712,GI GROGOT,,GRT.01,TG01.04703069,210103,SECTION-LBS-LBS MAN IC,3082,7211,23230,GD01.04669857,23230GD010000012287,GD LLO0263,LLO0263,72GD0104669857,Gardu Portal,3742712,23230TF010000002716,TRAFO GD LLO0263,160,"0,128",Umum,TRAFO GD LLO0263,12345678,,PLN,TIDAK ADA,3714429,SA6564729,Bangunan Sipil Gardu,TANAH GROGOT,TANAH GROGOT,PASER,3714429
2611,Point,7211,23230,3742715,Trafo,GD RSU0190,12/30/1899,GD01.04669860,OPERATING,72TF0103742715,3 FASA,Bangunan,200,1600,UMUM,RST,20 kV/B2,2017,3,{49AE7F01-46AE-4632-9E6B-A1801D2B0866},"-1,874051","116,1798",3742715,GI GROGOT,,GRT.01,TG01.04703131,210101,SECTION-PMT-GRT.01,2410,7211,23230,GD01.04669860,23230GD010000012358,GD RSU0190,RSU0190,72GD0104669860,Gardu Beton,3742715,23230TF010000002719,TRAFO GD RSU0190,1600,"1,28",Khusus,TRAFO GD RSU0190,12345678,,NON PLN,TIDAK ADA,3714429,SA6564732,Bangunan Sipil Gardu,TANAH GROGOT,TANAH GROGOT,PASER,3714429
2661,Point,7211,23230,3742711,Trafo,GD JNJ0077,12/30/1899,GD01.04669856,OPERATING,72TF0103742711,3 FASA,3,50,50,UMUM,RST,20 kV/B2,2017,3,{11FF7289-80C5-41A6-B936-D0BBB7B366A2},"-1,862945","116,137577",3742711,GI GROGOT,,GRT.01,TG01.04703025,210103,SECTION-LBS-LBS MAN IC,2428,7211,23230,GD01.04669856,23230GD010000012288,GD JNJ0077,JNJ0077,72GD0104669856,Gardu Cantol,3742711,23230TF010000002715,TRAFO GD JNJ0077,50,"0,04",Umum,TRAFO GD JNJ0077,12345678,,PLN,TIDAK ADA,3714429,SA6564728,Bangunan Sipil Gardu,TANAH GROGOT,TANAH GROGOT,PASER,3714429
2668,Point,7211,23230,3742714,Trafo,GD GSR0313,12/30/1899,GD01.04669859,OPERATING,72TF0103742714,3 FASA,2,200,200,UMUM,RST,20 kV/B2,2017,3,{F88DF991-0850-4C0D-BDC2-C1259D6B37D6},"-1,878053","116,178778",3742714,GI GROGOT,,GRT.01,TG01.04703114,210101,SECTION-PMT-GRT.01,2430,7211,23230,GD01.04669859,23230GD010000012285,GD GSR0313,GSR0313,72GD0104669859,Gardu Portal,3742714,23230TF010000002718,TRAFO GD GSR0313,200,"0,16",Umum,TRAFO GD GSR0313,12345678,,PLN,TIDAK ADA,3714429,SA6564731,Bangunan Sipil Gardu,TANAH GROGOT,TANAH GROGOT,PASER,3714429
2684,Point,7211,23230,3742710,Trafo,GD JNJ0152,12/30/1899,GD01.04669855,OPERATING,72TF0103742710,3 FASA,3,25,25,UMUM,RST,20 kV/B2,2017,3,{81BA82DB-FBF8-4BBE-A54D-FD8A9489A5D4},"-1,856753","116,140402",3742710,GI GROGOT,,GRT.01,TG01.04703011,210103,SECTION-LBS-LBS MAN IC,2435,7211,23230,GD01.04669855,23230GD010000012289,GD JNJ0152,JNJ0152,72GD0104669855,Gardu Cantol,3742710,23230TF010000002714,TRAFO GD JNJ0152,25,"0,02",Umum,TRAFO GD JNJ0152,12345678,,PLN,TIDAK ADA,3714429,SA6564727,Bangunan Sipil Gardu,TANAH GROGOT,TANAH GROGOT,PASER,3714429
2704,Point,7211,23230,3742707,Trafo,GD BTS0119,12/30/1899,GD01.04669852,OPERATING,72TF0103742707,3 FASA,3,25,25,UMUM,RST,20 kV/B2,2017,3,{220C8F6F-E360-40C7-936D-A2D48F82D68D},"-1,853089","116,155903",3742707,GI GROGOT,,GRT.01,TG01.04702970,210103,SECTION-LBS-LBS MAN IC,2443,7211,23230,GD01.04669852,23230GD010000012292,GD BTS0119,BTS0119,72GD0104669852,Gardu Cantol,3742707,23230TF010000002711,TRAFO GD BTS0119,25,"0,02",Umum,TRAFO GD BTS0119,12345678,,PLN,TIDAK ADA,3714429,SA6564724,Bangunan Sipil Gardu,TANAH GROGOT,TANAH GROGOT,PASER,3714429
2707,Point,7211,23230,3742706,Trafo,GD SPL0234,12/30/1899,GD01.04669851,OPERATING,72TF0103742706,3 FASA,2,100,100,UMUM,RST,20 kV/B2,2017,3,{E7F6852F-24DC-4F54-905F-1D8AA7FAB2AE},"-1,855365","116,158183",3742706,GI GROGOT,,GRT.01,TG01.04702963,210103,SECTION-LBS-LBS MAN IC,2444,7211,23230,GD01.04669851,23230GD010000012359,GD SPL0234,SPL0234,72GD0104669851,Gardu Portal,3742706,23230TF010000002710,TRAFO GD SPL0234,100,"0,08",Umum,TRAFO GD SPL0234,12345678,,PLN,TIDAK ADA,3714429,SA6564723,Bangunan Sipil Gardu,TANAH GROGOT,TANAH GROGOT,PASER,3714429
2722,Point,7211,23230,3742705,Trafo,GD SPL0245,12/30/1899,GD01.04669850,OPERATING,72TF0103742705,3 FASA,2,100,100,UMUM,RST,20 kV/B2,2017,3,{9F7F56C9-533A-4D85-BE4A-3A2EC3B98A05},"-1,857195","116,164415",3742705,GI GROGOT,,GRT.01,TG01.04702950,210102,SECTION-REC-JANJU,2449,7211,23230,GD01.04669850,23230GD010000012293,GD SPL0245,SPL0245,72GD0104669850,Gardu Portal,3742705,23230TF010000002709,TRAFO GD SPL0245,100,"0,08",Umum,TRAFO GD SPL0245,12345678,,PLN,TIDAK ADA,3714429,SA6564722,Bangunan Sipil Gardu,TANAH GROGOT,TANAH GROGOT,PASER,3714429
2750,Point,7211,23230,3742704,Trafo,GD JNJ0128,12/30/1899,GD01.04669849,OPERATING,72TF0103742704,3 FASA,3,100,50,UMUM,RST,20 kV/B2,2017,3,{E85A053A-4EA2-45D6-8348-6354EB623B13},"-1,859903","116,174074",3742704,GI GROGOT,,GRT.01,TG01.04702923,210102,SECTION-REC-JANJU,2458,7211,23230,GD01.04669849,23230GD010000012294,GD JNJ0128,JNJ0128,72GD0104669849,Gardu Cantol,3742704,23230TF010000002708,TRAFO GD JNJ0128,50,"0,04",Umum,TRAFO GD JNJ0128,12345678,,PLN,TIDAK ADA,3714429,SA6564721,Bangunan Sipil Gardu,TANAH GROGOT,TANAH GROGOT,PASER,3714429
2786,Point,7211,23230,3742736,Trafo,GD LLO0043,12/30/1899,GD01.04669881,OPERATING,72TF0103742736,3 FASA,3,100,100,UMUM,RST,20 kV/B2,2017,3,{CD6A6443-3677-434A-90F9-EBEA13A3867B},"-1,874441","116,117139",3742736,GI GROGOT,,GRT.01,TG01.04703524,210103,SECTION-LBS-LBS MAN IC,2471,7211,23230,GD01.04669881,23230GD010000012267,GD LLO0043,LLO0043,72GD0104669881,Gardu Portal,3742736,23230TF010000002739,TRAFO GD LLO0043,100,"0,08",Umum,TRAFO GD LLO0043,12345678,,PLN,TIDAK ADA,3714429,SA6564753,Bangunan Sipil Gardu,TANAH GROGOT,TANAH GROGOT,PASER,3714429
2795,Point,7211,23230,3742702,Trafo,GD KSB0160,12/30/1899,GD01.04669847,OPERATING,72TF0103742702,3 FASA,2,100,100,UMUM,RST,20 kV/B2,2017,3,{31E001CE-60F2-4CC0-B1B7-9A8214A3A0B5},"-1,871365","116,175936",3742702,GI GROGOT,,GRT.01,TG01.04702899,210101,SECTION-PMT-GRT.01,2475,7211,23230,GD01.04669847,23230GD010000012296,GD KSB0160,KSB0160,72GD0104669847,Gardu Portal,3742702,23230TF010000002706,TRAFO GD KSB0160,100,"0,08",Umum,TRAFO GD KSB0160,12345678,,PLN,TIDAK ADA,3714429,SA6564719,Bangunan Sipil Gardu,TANAH GROGOT,TANAH GROGOT,PASER,3714429
2812,Point,7211,23230,3742733,Trafo,GD LLO0287,12/30/1899,GD01.04669878,OPERATING,72TF0103742733,3 FASA,2,50,50,UMUM,RST,20 kV/B2,2017,3,{A6A9B2DE-483A-4A3C-A12B-01B38B26B0DE},"-1,867396","116,120245",3742733,GI GROGOT,,GRT.01,TG01.04703501,210103,SECTION-LBS-LBS MAN IC,2481,7211,23230,GD01.04669878,23230GD010000012356,GD LLO0287,LLO0287,72GD0104669878,Gardu Portal,3742733,23230TF010000002736,TRAFO GD LLO0287,50,"0,04",Umum,TRAFO GD LLO0287,12345678,,PLN,TIDAK ADA,3714429,SA6564750,Bangunan Sipil Gardu,TANAH GROGOT,TANAH GROGOT,PASER,3714429
2815,Point,7211,23230,3742732,Trafo,GD LLO0028,12/30/1899,GD01.04669877,OPERATING,72TF0103742732,3 FASA,2,50,50,UMUM,RST,20 kV/B2,2017,3,{341DC8E7-B458-4330-A516-AB73E916CEF8},"-1,866793","116,123214",3742732,GI GROGOT,,GRT.01,TG01.04703495,210103,SECTION-LBS-LBS MAN IC,2482,7211,23230,GD01.04669877,23230GD010000012270,GD LLO0028,LLO0028,72GD0104669877,Gardu Portal,3742732,23230TF010000002735,TRAFO GD LLO0028,50,"0,04",Umum,TRAFO GD LLO0028,12345678,,PLN,TIDAK ADA,3714429,SA6564749,Bangunan Sipil Gardu,TANAH GROGOT,TANAH GROGOT,PASER,3714429
2818,Point,7211,23230,3742701,Trafo,GD BTS0226,12/30/1899,GD01.04669846,OPERATING,72TF0103742701,3 FASA,2,25,25,UMUM,RST,20 kV/B2,2017,3,{E2E5BDB7-293D-4AF4-AA08-E6748863E04E},"-1,875743","116,176184",3742701,GI GROGOT,,GRT.01,TG01.04702891,210101,SECTION-PMT-GRT.01,2483,7211,23230,GD01.04669846,23230GD010000012297,GD BTS0226,BTS0226,72GD0104669846,Gardu Cantol,3742701,23230TF010000002705,TRAFO GD BTS0226,25,"0,02",Umum,TRAFO GD BTS0226,12345678,,PLN,TIDAK ADA,3714429,SA6564718,Bangunan Sipil Gardu,TANAH GROGOT,TANAH GROGOT,PASER,3714429
2823,Point,7211,23230,3742700,Trafo,GD KSB0188,12/30/1899,GD01.04669845,OPERATING,72TF0103742700,3 FASA,2,160,160,UMUM,RST,20 kV/B2,2017,3,{AED59CA8-F9D5-4420-AEB3-929968AA9E06},"-1,876766","116,175917",3742700,GI GROGOT,,GRT.01,TG01.04702889,210101,SECTION-PMT-GRT.01,2485,7211,23230,GD01.04669845,23230GD010000012298,GD KSB0188,KSB0188,72GD0104669845,Gardu Portal,3742700,23230TF010000002704,TRAFO GD KSB0188,160,"0,128",Umum,TRAFO GD KSB0188,12345678,,PLN,TIDAK ADA,3714429,SA6564717,Bangunan Sipil Gardu,TANAH GROGOT,TANAH GROGOT,PASER,3714429
2840,Point,7211,23230,3742735,Trafo,GD LLO0288,12/30/1899,GD01.04669880,OPERATING,72TF0103742735,3 FASA,2,100,100,UMUM,RST,20 kV/B2,2017,3,{822DC623-4D5E-4012-AD8B-8A9F4F650C5D},"-1,868459","116,124152",3742735,GI GROGOT,,GRT.01,TG01.04703509,210103,SECTION-LBS-LBS MAN IC,2490,7211,23230,GD01.04669880,23230GD010000012268,GD LLO0288,LLO0288,72GD0104669880,Gardu Portal,3742735,23230TF010000002738,TRAFO GD LLO0288,100,"0,08",Umum,TRAFO GD LLO0288,12345678,,PLN,TIDAK ADA,3714429,SA6564752,Bangunan Sipil Gardu,TANAH GROGOT,TANAH GROGOT,PASER,3714429
2850,Point,7211,23230,3742699,Trafo,GD PJU0240,12/30/1899,GD01.04669844,OPERATING,72TF0103742699,3 FASA,2,25,25,UMUM,RST,20 kV/B2,2017,3,{3747F041-8A95-478C-8DB6-445F8058AFFB},"-1,881242","116,175926",3742699,GI GROGOT,,GRT.01,TG01.04702880,210101,SECTION-PMT-GRT.01,2493,7211,23230,GD01.04669844,23230GD010000012299,GD PJU0240,PJU0240,72GD0104669844,Gardu Portal,3742699,23230TF010000002703,TRAFO GD PJU0240,25,"0,02",Umum,TRAFO GD PJU0240,12345678,,PLN,TIDAK ADA,3714429,SA6564716,Bangunan Sipil Gardu,TANAH GROGOT,TANAH GROGOT,PASER,3714429
2869,Point,7211,23230,3742731,Trafo,GD LLO0150,12/30/1899,GD01.04669876,OPERATING,72TF0103742731,3 FASA,2,100,100,UMUM,RST,20 kV/B2,2017,3,{CA7E0521-ED3D-4A0F-947F-062E7E81FDCC},"-1,871878","116,122117",3742731,GI GROGOT,,GRT.01,TG01.04703478,210103,SECTION-LBS-LBS MAN IC,2500,7211,23230,GD01.04669876,23230GD010000012271,GD LLO0150,LLO0150,72GD0104669876,Gardu Portal,3742731,23230TF010000003579,TRAFO GD LLO0150,100,"0,08",Umum,TRAFO GD LLO0150,12345678,,PLN,TIDAK ADA,3714429,SA6564748,Bangunan Sipil Gardu,TANAH GROGOT,TANAH GROGOT,PASER,3714429
2874,Point,7211,23230,3742698,Trafo,GD KSB0014,12/30/1899,GD01.04669843,OPERATING,72TF0103742698,3 FASA,2,100,100,UMUM,RST,20 kV/B2,2017,3,{5A9289FD-B868-4053-8845-0580D6850B10},"-1,88461","116,176598",3742698,GI GROGOT,,GRT.01,TG01.04702871,210101,SECTION-PMT-GRT.01,2501,7211,23230,GD01.04669843,23230GD010000012300,GD KSB0014,KSB0014,72GD0104669843,Gardu Portal,3742698,23230TF010000002702,TRAFO GD KSB0014,100,"0,08",Umum,TRAFO GD KSB0014,12345678,,PLN,TIDAK ADA,3714429,SA6564715,Bangunan Sipil Gardu,TANAH GROGOT,TANAH GROGOT,PASER,3714429
2877,Point,7211,23230,3742697,Trafo,GD BTS0187,12/30/1899,GD01.04669842,OPERATING,72TF0103742697,3 FASA,3,25,25,UMUM,RST,20 kV/B2,2017,3,{30D19CF7-E454-4DDF-99E4-58EAABCD7A2A},"-1,884748","116,176693",3742697,GI GROGOT,,GRT.01,TG01.04702870,210101,SECTION-PMT-GRT.01,2502,7211,23230,GD01.04669842,23230GD010000012301,GD BTS0187,BTS0187,72GD0104669842,Gardu Cantol,3742697,23230TF010000002701,TRAFO GD BTS0187,25,"0,02",Umum,TRAFO GD BTS0187,12345678,,PLN,TIDAK ADA,3714429,SA6564714,Bangunan Sipil Gardu,TANAH GROGOT,TANAH GROGOT,PASER,3714429
3275,Point,7211,23230,3742703,Trafo,GD KSB0167,12/30/1899,GD01.04669848,OPERATING,72TF0103742703,3 FASA,Outdoor,25,25,UMUM,NULL,20 kV/B2,2017,3,{98867FAD-FCB8-4745-9B9B-D716C256012B},"-1,87075","116,175948",3742703,GI GROGOT,,GRT.01,TG01.04702900,210101,SECTION-PMT-GRT.01,2226,7211,23230,GD01.04669848,23230GD010000012295,GD KSB0167,KSB0167,72GD0104669848,Gardu Cantol,3742703,23230TF010000002707,TRAFO GD KSB0167,25,"0,02",Umum,TRAFO GD KSB0167,12345678,,PLN,TIDAK ADA,3714429,SA6564720,Bangunan Sipil Gardu,TANAH GROGOT,TANAH GROGOT,PASER,3714429
3278,Point,7211,23230,3742708,Trafo,GD JNJ0038,12/30/1899,GD01.04669853,OPERATING,72TF0103742708,3 FASA,Outdoor,50,50,UMUM,NULL,20 kV/B2,2017,3,{922C6697-7A3E-442E-940B-1D018601ED28},"-1,850537","116,149476",3742708,GI GROGOT,,GRT.01,TG01.04702984,210103,SECTION-LBS-LBS MAN IC,2227,7211,23230,GD01.04669853,23230GD010000012291,GD JNJ0038,JNJ0038,72GD0104669853,Gardu Cantol,3742708,23230TF010000002712,TRAFO GD JNJ0038,50,"0,04",Umum,TRAFO GD JNJ0038,12345678,,PLN,TIDAK ADA,3714429,SA6564725,Bangunan Sipil Gardu,TANAH GROGOT,TANAH GROGOT,PASER,3714429
3281,Point,7211,23230,3742709,Trafo,GD BTS0129,12/30/1899,GD01.04669854,OPERATING,72TF0103742709,3 FASA,Outdoor,25,25,UMUM,NULL,20 kV/B2,2017,3,{CAE44D42-5E84-4D0F-9139-FF86786F7BF0},"-1,850607","116,148291",3742709,GI GROGOT,,GRT.01,TG01.04702987,210103,SECTION-LBS-LBS MAN IC,2228,7211,23230,GD01.04669854,23230GD010000012290,GD BTS0129,BTS0129,72GD0104669854,Gardu Cantol,3742709,23230TF010000002713,TRAFO GD BTS0129,25,"0,02",Umum,TRAFO GD BTS0129,12345678,,PLN,TIDAK ADA,3714429,SA6564726,Bangunan Sipil Gardu,TANAH GROGOT,TANAH GROGOT,PASER,3714429
3287,Point,7211,23230,3742724,Trafo,GD PLT0272,12/30/1899,GD01.04669869,OPERATING,72TF0103742724,3 FASA,Outdoor,160,160,UMUM,NULL,20 kV/B2,2017,3,{C4AD06D7-9E35-4E7E-B043-DAE9C458DC8F},"-1,849377","116,17411",3742724,GI GROGOT,,GRT.01,TG01.04703262,210102,SECTION-REC-JANJU,2230,7211,23230,GD01.04669869,23230GD010000012357,GD PLT0272,PLT0272,72GD0104669869,Gardu Portal,3742724,23230TF010000002728,TRAFO GD PLT0272,160,"0,128",Umum,TRAFO GD PLT0272,12345678,,PLN,TIDAK ADA,3714429,SA6564741,Bangunan Sipil Gardu,TANAH GROGOT,TANAH GROGOT,PASER,3714429
3290,Point,7211,23230,3742728,Trafo,GD JNJ0317,12/30/1899,GD01.04669873,OPERATING,72TF0103742728,3 FASA,Outdoor,100,100,UMUM,NULL,20 kV/B2,2017,3,{B9DFD881-B494-4C6D-B682-6A2F014EACCA},"-1,850243","116,14865",3742728,GI GROGOT,,GRT.01,TG01.04703404,210103,SECTION-LBS-LBS MAN IC,2231,7211,23230,GD01.04669873,23230GD010000012274,GD JNJ0317,JNJ0317,72GD0104669873,Gardu Portal,3742728,23230TF010000002732,TRAFO GD JNJ0317,100,"0,08",Umum,TRAFO GD JNJ0317,12345678,,PLN,TIDAK ADA,3714429,SA6564745,Bangunan Sipil Gardu,TANAH GROGOT,TANAH GROGOT,PASER,3714429
3293,Point,7211,23230,3742729,Trafo,GD JNJ0318,12/30/1899,GD01.04669874,OPERATING,72TF0103742729,3 FASA,Outdoor,100,100,UMUM,NULL,20 kV/B2,2017,3,{0ADE1A25-C36A-4561-9233-2BA728C52882},"-1,828573","116,151246",3742729,GI GROGOT,,GRT.01,TG01.04703454,210103,SECTION-LBS-LBS MAN IC,2232,7211,23230,GD01.04669874,23230GD010000012273,GD JNJ0318,JNJ0318,72GD0104669874,Gardu Portal,3742729,23230TF010000002733,TRAFO GD JNJ0318,100,"0,08",Umum,TRAFO GD JNJ0318,12345678,,PLN,TIDAK ADA,3714429,SA6564746,Bangunan Sipil Gardu,TANAH GROGOT,TANAH GROGOT,PASER,3714429
3296,Point,7211,23230,3742730,Trafo,GD JNJ0178,12/30/1899,GD01.04669875,OPERATING,72TF0103742730,3 FASA,Outdoor,50,50,UMUM,NULL,20 kV/B2,2017,3,{A21AC113-202E-47EB-966F-CA0FB283DEED},"-1,854357","116,140806",3742730,GI GROGOT,,GRT.01,TG01.04703459,210103,SECTION-LBS-LBS MAN IC,2233,7211,23230,GD01.04669875,23230GD010000012272,GD JNJ0178,JNJ0178,72GD0104669875,Gardu Portal,3742730,23230TF010000002734,TRAFO GD JNJ0178,50,"0,04",Umum,TRAFO GD JNJ0178,12345678,,PLN,TIDAK ADA,3714429,SA6564747,Bangunan Sipil Gardu,TANAH GROGOT,TANAH GROGOT,PASER,3714429
3299,Point,7211,23230,3742734,Trafo,GD LLO0078,12/30/1899,GD01.04669879,OPERATING,72TF0103742734,3 FASA,Outdoor,50,50,UMUM,NULL,20 kV/B2,2017,3,{E67F5E9A-2FCF-4CC1-BA60-44BBD8573CA2},"-1,867364","116,11996",3742734,GI GROGOT,,GRT.01,TG01.04703502,210103,SECTION-LBS-LBS MAN IC,2234,7211,23230,GD01.04669879,23230GD010000012269,GD LLO0078,LLO0078,72GD0104669879,Gardu Portal,3742734,23230TF010000002737,TRAFO GD LLO0078,50,"0,04",Umum,TRAFO GD LLO0078,12345678,,PLN,TIDAK ADA,3714429,SA6564751,Bangunan Sipil Gardu,TANAH GROGOT,TANAH GROGOT,PASER,3714429
3482,Point,7211,23230,3741431,Trafo,GD JNJ0328,12/30/1899,GD01.22910061,OPERATING,72TF0103741431,3 FASA,Outdoor,100,100,UMUM,NULL,20 kV/B2,2003,3,{7AAD69B1-5681-48FD-B084-EE3A6D672B42},"-1,856838","116,162279",3741431,GI GROGOT,,GRT.01,TG01.04702954,210103,SECTION-LBS-LBS MAN IC,3496,7211,23230,GD01.22910061,23230GD010000015235,GD JNJ0328,JNJ0328,72GD0122910061,Gardu Cantol,3741431,23230TF010000002671,TRAFO GD JNJ0328,100,"0,08",Umum,TRAFO GD JNJ0328,12345678,,PLN,TIDAK ADA,3714429,SA2679550,Bangunan Sipil Gardu,DESA JANJU,DESA JANJU,PASER,3714429
3682,Point,7211,23230,92017650,Trafo,GD LLO0344,12/30/1899,GD01.62264794,OPERATING,72TF0134093675,3 FASA,Outdoor,50,50,UMUM,RST,20 kV/B2,2022,,{51B71CD6-DCDD-4BE2-AC02-C39CB3612561},"-1,875175","116,131151",92017650,GI GROGOT,,GRT.01,TG01.04703058,210103,SECTION-LBS-LBS MAN IC,2776,7211,23230,GD01.62264794,23230GD010000020196,GD LLO0344,LLO0344,72GD0162264794,Gardu Portal,92017650,23230TF010000020538,TRAFO GD LLO0344,50,"0,04",Umum,TRAFO GD LLO0344,12345678,,PLN,TIDAK ADA,3714429,SA72873714,Bangunan Sipil Gardu,UNNAMED ROAD,TANAH GROGOT,UNNAMED ROAD,3714429
3780,Point,7211,23230,3742716,Trafo,GD KSB0158,12/30/1899,GD01.04669861,OPERATING,72TF0103742716,3 FASA,2,25,25,UMUM,RST,20 kV/B2,2017,3,{D912D290-5830-408D-85DC-0A2A32A98588},"-1,867897","116,175405",3742716,GI GROGOT,,GRT.01,TG01.04703132,210101,SECTION-PMT-GRT.01,2396,7211,23230,GD01.04669861,23230GD010000012284,GD KSB0158,KSB0158,72GD0104669861,Gardu Portal,3742716,23230TF010000002720,TRAFO GD KSB0158,25,"0,02",Umum,TRAFO GD KSB0158,12345678,,PLN,TIDAK ADA,3714429,SA6564733,Bangunan Sipil Gardu,TANAH GROGOT,TANAH GROGOT,PASER,3714429